{"cameraMode":{"drawMode":0,"name":"Shaded","section":"Shading Mode"},"sceneLighting":false,"audioPlay":false,"sceneViewState":{"showFog":true,"showMaterialUpdate":true,"showSkybox":false,"showFlares":true,"showImageEffects":true,"showParticleSystems":true},"in2DMode":false,"pivot":{"x":0.2099609375,"y":3.8660888671875,"z":0.345458984375},"rotation":{"x":0.09531774371862412,"y":-0.8698020577430725,"z":0.18539181351661683,"w":0.4472030699253082},"size":15.640336990356446,"orthographic":true}