{"cameraMode":{"drawMode":0,"name":"Shaded","section":"Shading Mode"},"sceneLighting":false,"audioPlay":false,"sceneViewState":{"showFog":true,"showMaterialUpdate":true,"showSkybox":false,"showFlares":true,"showImageEffects":true,"showParticleSystems":true},"in2DMode":false,"pivot":{"x":0.010087275877594948,"y":2.9628257751464845,"z":0.9220229387283325},"rotation":{"x":0.00107957876753062,"y":0.6942642331123352,"z":-0.0010413978016003967,"w":0.7197188138961792},"size":17.475900650024415,"orthographic":true}