{"cameraMode":{"drawMode":0,"name":"Shaded","section":"Shading Mode"},"sceneLighting":false,"audioPlay":false,"sceneViewState":{"showFog":true,"showMaterialUpdate":true,"showSkybox":false,"showFlares":true,"showImageEffects":true,"showParticleSystems":true},"in2DMode":false,"pivot":{"x":-0.7596190571784973,"y":2.65640926361084,"z":1.0611422061920167},"rotation":{"x":0.1671140044927597,"y":0.8321224451065064,"z":-0.35377779603004458,"w":0.3930637240409851},"size":4.041658401489258,"orthographic":false}