{"cameraMode":{"drawMode":0,"name":"Shaded","section":"Shading Mode"},"sceneLighting":true,"audioPlay":false,"sceneViewState":{"showFog":true,"showMaterialUpdate":true,"showSkybox":true,"showFlares":true,"showImageEffects":true,"showParticleSystems":true},"in2DMode":false,"pivot":{"x":3.015660285949707,"y":6.2621989250183109,"z":7.357559680938721},"rotation":{"x":0.3973923623561859,"y":-0.14224223792552949,"z":0.06250319629907608,"w":0.9044115543365479},"size":1.8400160074234009,"orthographic":false}