{"cameraMode":{"drawMode":0,"name":"Shaded","section":"Shading Mode"},"sceneLighting":false,"audioPlay":false,"sceneViewState":{"showFog":true,"showMaterialUpdate":true,"showSkybox":false,"showFlares":true,"showImageEffects":true,"showParticleSystems":true},"in2DMode":false,"pivot":{"x":-3.680000066757202,"y":1.999500036239624,"z":8.579999923706055},"rotation":{"x":0.07012767344713211,"y":-0.09412530809640885,"z":0.006646697409451008,"w":0.9930662512779236},"size":5.765280723571777,"orthographic":true}