{"cameraMode":{"drawMode":0,"name":"Shaded","section":"Shading Mode"},"sceneLighting":true,"audioPlay":false,"sceneViewState":{"showFog":true,"showMaterialUpdate":true,"showSkybox":true,"showFlares":true,"showImageEffects":true,"showParticleSystems":true},"in2DMode":false,"pivot":{"x":7.087186813354492,"y":7.73415470123291,"z":7.85960578918457},"rotation":{"x":0.30233341455459597,"y":-0.2573474943637848,"z":0.0851416289806366,"w":0.9138548970222473},"size":3.638209819793701,"orthographic":false}