{"cameraMode":{"drawMode":0,"name":"Shaded","section":"Shading Mode"},"sceneLighting":true,"audioPlay":false,"sceneViewState":{"showFog":true,"showMaterialUpdate":true,"showSkybox":true,"showFlares":true,"showImageEffects":true,"showParticleSystems":true},"in2DMode":false,"pivot":{"x":0.9169106483459473,"y":1.0678530931472779,"z":-1.72837233543396},"rotation":{"x":0.07034769654273987,"y":-0.9047296643257141,"z":0.16462969779968263,"w":0.38656845688819888},"size":4.041658401489258,"orthographic":false}