{"cameraMode":{"drawMode":0,"name":"Shaded","section":"Shading Mode"},"sceneLighting":true,"audioPlay":false,"sceneViewState":{"showFog":true,"showMaterialUpdate":true,"showSkybox":true,"showFlares":true,"showImageEffects":true,"showParticleSystems":true},"in2DMode":false,"pivot":{"x":-10.279999732971192,"y":3.0,"z":-5.119999885559082},"rotation":{"x":0.24078184366226197,"y":0.07416318356990814,"z":-0.018455391749739648,"w":0.9675677418708801},"size":13.100390434265137,"orthographic":true}