{"cameraMode":{"drawMode":0,"name":"Shaded","section":"Shading Mode"},"sceneLighting":false,"audioPlay":false,"sceneViewState":{"showFog":true,"showMaterialUpdate":true,"showSkybox":false,"showFlares":true,"showImageEffects":true,"showParticleSystems":true},"in2DMode":false,"pivot":{"x":0.2099609375,"y":3.8660888671875,"z":0.345458984375},"rotation":{"x":0.06678395718336106,"y":-0.7335782647132874,"z":0.07286244630813599,"w":0.6723804473876953},"size":8.111737251281739,"orthographic":true}